{"cameraMode":{"drawMode":0,"name":"Shaded","section":"Shading Mode"},"sceneLighting":false,"audioPlay":false,"sceneViewState":{"m_AlwaysRefresh":false,"showFog":true,"showSkybox":false,"showFlares":true,"showImageEffects":true,"showParticleSystems":true,"showVisualEffectGraphs":true,"m_FxEnabled":true},"in2DMode":false,"pivot":{"x":-11.348259925842286,"y":-1.8197141885757447,"z":3.216097116470337},"rotation":{"x":-0.048826295882463458,"y":0.7230589985847473,"z":-0.030637135729193689,"w":-0.6896041631698608},"size":0.37153324484825137,"orthographic":false}