{"cameraMode":{"drawMode":0,"name":"Shaded","section":"Shading Mode"},"sceneLighting":false,"audioPlay":false,"sceneViewState":{"m_AlwaysRefresh":false,"showFog":true,"showSkybox":true,"showFlares":true,"showImageEffects":true,"showParticleSystems":true,"showVisualEffectGraphs":true,"m_FxEnabled":true},"in2DMode":false,"pivot":{"x":5.705896854400635,"y":-6.247204780578613,"z":17.501035690307618},"rotation":{"x":-0.19897149503231049,"y":-0.28344622254371645,"z":0.060316894203424457,"w":-0.9363468885421753},"size":6.784895896911621,"orthographic":false}